[
  {
    "id": "31e97bb5-9a0f-466d-9c5d-54f65ddceb7d",
    "data": [
      {
        "text": "hé",
        "userDefined": false
      }
    ],
    "isTemplate": false,
    "count": 0,
    "updated": 0
  },
  {
    "id": "c6f36274-66ff-4806-a0dc-2dc2693f0947",
    "data": [
      {
        "text": "hoi",
        "userDefined": false
      }
    ],
    "isTemplate": false,
    "count": 0,
    "updated": 0
  },
  {
    "id": "359aaf3f-039c-46f6-b4dc-04c9734d1744",
    "data": [
      {
        "text": "hé hoi",
        "userDefined": false
      }
    ],
    "isTemplate": false,
    "count": 0,
    "updated": 0
  },
  {
    "id": "da3ad012-f087-4bc8-8de8-29ddd65f48c9",
    "data": [
      {
        "text": "hé hallo",
        "userDefined": false
      }
    ],
    "isTemplate": false,
    "count": 0,
    "updated": 0
  },
  {
    "id": "175b52e7-79d2-4507-9b91-62db27cc2b75",
    "data": [
      {
        "text": "gegroet",
        "userDefined": false
      }
    ],
    "isTemplate": false,
    "count": 0,
    "updated": 0
  },
  {
    "id": "47ba38f0-451d-4437-a602-e032e953deeb",
    "data": [
      {
        "text": "ik begroet je",
        "userDefined": false
      }
    ],
    "isTemplate": false,
    "count": 0,
    "updated": 0
  },
  {
    "id": "3e9123c1-cfc8-4386-8eb4-a654c80162ef",
    "data": [
      {
        "text": "lang niet gezien",
        "userDefined": false
      }
    ],
    "isTemplate": false,
    "count": 0,
    "updated": 0
  },
  {
    "id": "a83e2c6d-bf59-4522-893d-40b943c53cbf",
    "data": [
      {
        "text": "goeiedag",
        "userDefined": false
      }
    ],
    "isTemplate": false,
    "count": 0,
    "updated": 0
  },
  {
    "id": "dda463e4-bb69-4f67-b207-d6249e325b8c",
    "data": [
      {
        "text": "goedendag",
        "userDefined": false
      }
    ],
    "isTemplate": false,
    "count": 0,
    "updated": 0
  },
  {
    "id": "d2f0c433-c541-4427-a647-10f88da9fd4e",
    "data": [
      {
        "text": "hallo",
        "userDefined": false
      }
    ],
    "isTemplate": false,
    "count": 0,
    "updated": 0
  }
]