[
  {
    "id": "eee789d4-2750-40a5-9fdc-a3a55d546684",
    "data": [
      {
        "text": "wat kost ",
        "userDefined": false
      },
      {
        "text": "een",
        "meta": "@sys.ignore",
        "userDefined": false
      },
      {
        "text": " ticket ?",
        "userDefined": false
      }
    ],
    "isTemplate": false,
    "count": 0
  },
  {
    "id": "d7c70031-bcff-40b8-8088-23021ef29864",
    "data": [
      {
        "text": "wat kost ",
        "userDefined": false
      },
      {
        "text": "een",
        "meta": "@sys.ignore",
        "userDefined": false
      },
      {
        "text": " ",
        "userDefined": false
      },
      {
        "text": "retour",
        "alias": "ticket",
        "meta": "@tickets",
        "userDefined": false
      },
      {
        "text": " ?",
        "userDefined": false
      }
    ],
    "isTemplate": false,
    "count": 0
  },
  {
    "id": "30539622-625a-4cd7-b40b-b816eb6a7b06",
    "data": [
      {
        "text": "hoe duur is ",
        "userDefined": false
      },
      {
        "text": "een",
        "meta": "@sys.ignore",
        "userDefined": false
      },
      {
        "text": " kaartje ?",
        "userDefined": false
      }
    ],
    "isTemplate": false,
    "count": 0
  },
  {
    "id": "d3f08bd0-fde7-45bf-8f7a-17cfc46eb044",
    "data": [
      {
        "text": "wat kost ",
        "userDefined": false
      },
      {
        "text": "een",
        "meta": "@sys.ignore",
        "userDefined": false
      },
      {
        "text": " kaartje ?",
        "userDefined": false
      }
    ],
    "isTemplate": false,
    "count": 0
  },
  {
    "id": "a379d6ed-c9c0-40fc-b851-f884965dccb9",
    "data": [
      {
        "text": "wat kost het ?",
        "userDefined": false
      }
    ],
    "isTemplate": false,
    "count": 0
  }
]